{
  "quantized": {
    "ppl_wikitext2": 363267.4375,
    "zero_shot": {
      "hellaswag": 0.25253933479386576,
      "piqa": 0.5277475516866159
    }
  },
  "full_precision": {
    "ppl_wikitext2": 9.26987075805664,
    "zero_shot": {
      "hellaswag": 0.5013941445927106,
      "piqa": 0.7540805223068553
    }
  }
}