{
  "quantized": {
    "ppl_wikitext2": 9.647231101989746,
    "zero_shot": {
      "hellaswag": 0.49950209121688904,
      "piqa": 0.7562568008705114
    }
  },
  "full_precision": {
    "ppl_wikitext2": 9.26987075805664,
    "zero_shot": {
      "hellaswag": 0.5013941445927106,
      "piqa": 0.7540805223068553
    }
  }
}