{
  "quantized": {
    "ppl_wikitext2": 18488.802734375,
    "zero_shot": {
      "hellaswag": 0.2634933280223063,
      "piqa": 0.5424374319912949
    }
  },
  "full_precision": {
    "ppl_wikitext2": 9.26987075805664,
    "zero_shot": {
      "hellaswag": 0.5013941445927106,
      "piqa": 0.7540805223068553
    }
  }
}