{
  "quantized": {
    "ppl_wikitext2": 9.68856430053711,
    "zero_shot": {
      "hellaswag": 0.49830711013742285,
      "piqa": 0.7551686615886833
    }
  },
  "full_precision": {
    "ppl_wikitext2": 9.26987075805664,
    "zero_shot": {
      "hellaswag": 0.5013941445927106,
      "piqa": 0.7540805223068553
    }
  }
}