{
  "quantized": {
    "ppl_wikitext2": 20.380977630615234,
    "zero_shot": {
      "hellaswag": 0.40599482174865564,
      "piqa": 0.6561479869423286
    }
  },
  "full_precision": {
    "ppl_wikitext2": 9.26987075805664,
    "zero_shot": {
      "hellaswag": 0.5013941445927106,
      "piqa": 0.7540805223068553
    }
  }
}