{
  "quantized": {
    "ppl_wikitext2": 44.347774505615234,
    "zero_shot": {
      "hellaswag": 0.4113722366062537,
      "piqa": 0.6789989118607181
    }
  },
  "full_precision": {
    "ppl_wikitext2": 9.26987075805664,
    "zero_shot": {
      "hellaswag": 0.5013941445927106,
      "piqa": 0.7540805223068553
    }
  }
}